multi_cloud_project,cloud,cost,total_cost,percentage
CloudExpansionMediaServices,aws,205767.6733406459,212969.30287311052,96.61846593132935
CloudExpansionMediaServices,azure,7201.629532464609,212969.30287311052,3.3815340686706477
