lineItem/UsageAccountId,lineItem/UnblendedCost,lineItem/BlendedCost,cost_difference,discount_percent
444400000002,62034.33598045913,62034.33598045913,0.0,0.0
888800000002,10458.042343959864,10458.042343959864,0.0,0.0
