month,chargeback_entity,lineItem/ProductCode,lineItem/UnblendedCost
2025-03,Pharma,APIGateway,16935.414047561306
2025-03,Pharma,AppSync,19503.467371403374
2025-03,Pharma,CloudWatchLogs,15666.521847694843
2025-03,Pharma,DynamoDB,27.867148773625754
2025-03,Pharma,EC2,13811.846460742941
2025-03,Pharma,ECS,596.5957892891412
2025-03,Pharma,ElasticSearch,5642.3584461554165
2025-03,Pharma,KMS,308.02404867594265
2025-03,Pharma,Lambda,0.28316412240428
