month,allocation_method,lineItem/UnblendedCost
2025-03,direct,56517.83242804821
2025-03,equal,308.02404867594265
2025-03,proportional,15666.521847694843
