month,lineItem/ProductCode,lineItem/UnblendedCost
2025-03,APIGateway,16935.414047561306
2025-03,AppSync,19503.467371403374
2025-03,CloudWatchLogs,15666.521847694843
2025-03,DynamoDB,27.867148773625754
2025-03,EC2,13811.846460742941
2025-03,ECS,596.5957892891412
2025-03,ElasticSearch,5642.3584461554165
2025-03,KMS,308.02404867594265
2025-03,Lambda,0.28316412240428
