{
  "total_cost": 583271.5506714071,
  "cost_with_benefits": 211781.1883952709,
  "cost_without_benefits": 371490.3622761362,
  "estimated_benefit_amount": -52945.297098817726,
  "effective_cost": 530326.2535725894,
  "percent_discount": -9.077298050603034,
  "subscriptions_with_benefits": 2
}