SubscriptionId,SubscriptionName,Cost,BenefitCost,NonBenefitCost,EstimatedSavings,BenefitPercentage
00000000-0000-0000-0000-000333300005,SoftwareSolutions Staging,196350.68228180066,66005.82791905763,130344.85436274302,16501.456979764407,8.40407417382012
00000000-0000-0000-0000-000444400005,SoftwareSolutions Production,386920.8683896065,145775.3604762133,241145.50791339317,36443.840119053326,9.418938882964701
