month,allocation_method,Cost
2025-03,direct,522536.5950821466
2025-03,proportional,60734.955589260506
