month,ServiceName,Cost
2025-03,API Management,15078.402857255829
2025-03,ContainerInstances,2.758679722678923
2025-03,CosmosDB,106243.5439589738
2025-03,EventHubs,4808.922274783417
2025-03,Functions,0.3557240008009912
2025-03,LogAnalytics,60734.955589260506
2025-03,Redis,22735.216316268397
2025-03,SQLDatabase,72105.64188631586
2025-03,VirtualMachines,301561.75338482583
