month,service.description,cost
2025-03,BigQuery,811.8512744142581
2025-03,CloudFunctions,0.0858124556084155
2025-03,CloudStorage,1455.5851053372814
2025-03,ComputeEngine,70356.94777463135
2025-03,IoT,2825.2273338545533
2025-03,IoTSiteWise,3613.2651206819014
2025-03,Looker,422233.448619699
2025-03,VertexAI,9414.561495075486
