service.description,cost,credit_amount,effective_cost,discount_percent
BigQuery,811.8512744142581,-41.0955396860848,770.7557347281734,-5.061954200384151
CloudFunctions,0.0858124556084155,0.0,0.0858124556084155,0.0
CloudStorage,1455.5851053372814,-103.70825281802061,1351.8768525192609,-7.124849824153004
ComputeEngine,70356.94777463135,-1258.1142675254653,69098.83350710588,-1.788187673455477
IoT,2825.2273338545533,-235.9199685662166,2589.3073652883368,-8.35047734882074
IoTSiteWise,3613.2651206819014,-255.92994884757167,3357.3351718343297,-7.083065878079606
Looker,422233.448619699,-32109.21183531774,390124.2367843812,-7.604611131658154
VertexAI,9414.561495075486,-276.316573006193,9138.244922069294,-2.934991429507652
