{
  "total_cost": 510710.9725361494,
  "total_credits": -34280.296385767295,
  "total_effective_cost": 476430.6761503821,
  "percent_discount": -6.712269410530601,
  "projects_with_discounts": 3
}